轮次,qtype,二级类型,Prompt,打分prompt,参考答案,audio_filename
1,数学情景题,大小比较,“自然对数+2”和“圆周率+1”哪个大,“自然对数+2”和“圆周率+1”哪个大,“自然对数+2”更大,reasoning_qa_0.mp3
1,干扰性问题,加入干扰条件,一辆自行车在1小时内以20公里/小时的速度行驶，小王行驶的过程中有10分钟是在原地停留。请问自行车30分钟可以行驶多远？,一辆自行车在1小时内以20公里/小时的速度行驶，小王行驶的过程中有10分钟是在原地停留。请问自行车30分钟可以行驶多远？,如果中途没有休息10min，那么10公里；如果休息了10分钟，那么20/3,reasoning_qa_1.mp3
1,数学情景题,大小比较,0.89999999斤铁和0.9888888g铁相比，谁更重？,0.89999999斤铁和0.9888888g铁相比，谁更重？,0.89999999斤铁比0.9888888克铁重,reasoning_qa_2.mp3
1,数学情景题,几何问题,一个长方形的长是两倍于宽。如果长方形的周长是24厘米，那么这个长方形的面积是多少？,一个长方形的长是两倍于宽。如果长方形的周长是24厘米，那么这个长方形的面积是多少？,32,reasoning_qa_3.mp3
1,数学情景题,多情况考虑,一个长方形的长是10厘米，宽是5厘米。如果你把这个长方形对折一次，新形状的长和宽分别是多少？,一个长方形的长是10厘米，宽是5厘米。如果你把这个长方形对折一次，新形状的长和宽分别是多少？,"两种情况：1、沿着长边折后为长5宽5
2、沿着宽边折后长10宽2.5",reasoning_qa_4.mp3
1,数学情景题,求和问题,写出三个连续的数字，它们的和等于24,写出三个连续的数字，它们的和等于24,7、8、9,reasoning_qa_5.mp3
1,数学情景题,青蛙跳井,井深30米，一只青蛙白天爬上去5米，晚上滑下4米。问青蛙几天后能够爬出这口井？,井深30米，一只青蛙白天爬上去5米，晚上滑下4米。问青蛙几天后能够爬出这口井？,第26天,reasoning_qa_6.mp3
1,数学情景题,青蛙跳井,已知一只青蛙爬出井用了5天，井深20米，一只青蛙每天白天爬上去6米。问这只青蛙每晚下滑多少米？,已知一只青蛙爬出井用了5天，井深20米，一只青蛙每天白天爬上去6米。问这只青蛙每晚下滑多少米？,2.5米,reasoning_qa_7.mp3
1,数学情景题,求和问题,写出二个连续的数字，它们的和等于15,写出二个连续的数字，它们的和等于15,7和8,reasoning_qa_8.mp3
1,数学情景题,求和问题,有一个数字，当它乘以2然后加上6，在此基础上再除以五结果是2。那么这个数字是什么？,有一个数字，当它乘以2然后加上6，在此基础上再除以五结果是2。那么这个数字是什么？,2,reasoning_qa_9.mp3
1,命题假设,演绎推理,两个盒子，一个装有铅笔，另一个装有橡皮。如果他们互换位置15次，最后左边的盒子装有铅笔，请问最开始左边的盒子装的是什么？,两个盒子，一个装有铅笔，另一个装有橡皮。如果他们互换位置15次，最后左边的盒子装有铅笔，请问最开始左边的盒子装的是什么？,橡皮,reasoning_qa_10.mp3
1,命题假设,演绎推理,两个不同的容器，一个装水，一个装油。如果它们互换内容物10次，最后左边的容器装的是油，请问最开始左边的容器装的是什么？,两个不同的容器，一个装水，一个装油。如果它们互换内容物10次，最后左边的容器装的是油，请问最开始左边的容器装的是什么？,油,reasoning_qa_11.mp3
1,数学情景题,青蛙跳井,井深60米，一只青蛙每天白天都比前一天多往上爬1米，初始第一天白天爬上去3米，晚上滑下2米。问青蛙几天后能爬出井？,井深60米，一只青蛙每天白天都比前一天多往上爬1米，初始第一天白天爬上去3米，晚上滑下2米。问青蛙几天后能爬出井？,第11天,reasoning_qa_12.mp3
1,命题假设,演绎推理,所有的鱼都会游泳。海豚会游泳。所以，海豚是鱼类，这个推论正确吗？,所有的鱼都会游泳。海豚会游泳。所以，海豚是鱼类，这个推论正确吗？,不正确,reasoning_qa_13.mp3
1,命题假设,逆否命题,如果所有的植物都需要水分来生长，那么我们能不能推断出来“所有不需要水分来生长的生物都不是植物”？,如果所有的植物都需要水分来生长，那么我们能不能推断出来“所有不需要水分来生长的生物都不是植物”？,可以推断,reasoning_qa_14.mp3
1,命题假设,逆否命题,如果所有的植物都需要阳光来生长，且所有生长在热带雨林的植物都不直接暴露于阳光下，那么我们能不能推断出来“所有直接暴露于阳光下的植物都不生长在热带雨林中”？,如果所有的植物都需要阳光来生长，且所有生长在热带雨林的植物都不直接暴露于阳光下，那么我们能不能推断出来“所有直接暴露于阳光下的植物都不生长在热带雨林中”？,可以推断,reasoning_qa_15.mp3
1,命题假设,演绎推理,所有的哺乳动物都是温血动物。所有的温血动物都需要氧气来呼吸。一只猫是哺乳动物。因此，一只猫需要氧气来呼吸，对吗？,所有的哺乳动物都是温血动物。所有的温血动物都需要氧气来呼吸。一只猫是哺乳动物。因此，一只猫需要氧气来呼吸，对吗？,对,reasoning_qa_16.mp3
1,"博弈论
",鸽鹰博弈,两位艺术家参与同一艺术展览，他们需要决定是否展示具有相似风格的作品。如果两位艺术家都展示相似风格的作品，观众可能感到乏味。如果一位艺术家展示相似风格而另一位展示不同风格，展示相似风格的艺术家可能会吸引更多观众。如果两位艺术家都展示不同风格的作品，观众可能感到困惑。最后，艺术家的均衡策略是什么？,两位艺术家参与同一艺术展览，他们需要决定是否展示具有相似风格的作品。如果两位艺术家都展示相似风格的作品，观众可能感到乏味。如果一位艺术家展示相似风格而另一位展示不同风格，展示相似风格的艺术家可能会吸引更多观众。如果两位艺术家都展示不同风格的作品，观众可能感到困惑。最后，艺术家的均衡策略是什么？,展示相似风格,reasoning_qa_17.mp3
1,命题假设,逆否命题,如果所有的数学家都擅长逻辑推理，且所有擅长逻辑推理的人都喜欢解谜游戏，那么我们能不能推断出来“所有不喜欢解谜游戏的人都不是数学家”？,如果所有的数学家都擅长逻辑推理，且所有擅长逻辑推理的人都喜欢解谜游戏，那么我们能不能推断出来“所有不喜欢解谜游戏的人都不是数学家”？,可以推断,reasoning_qa_18.mp3
1,常识推理,共性判断,在一个篮球、两个羽毛球、三个乒乓球中，有几个不是充气球？,在一个篮球、两个羽毛球、三个乒乓球中，有几个不是充气球？,5个,reasoning_qa_19.mp3
1,常识推理,共性判断,在两个苹果、三个香蕉、四个鸡蛋、五个梨子中，有多少个不是水果？,在两个苹果、三个香蕉、四个鸡蛋、五个梨子中，有多少个不是水果？,四个鸡蛋,reasoning_qa_20.mp3
1,反事实,因果反置,为什么监狱里都住著犯人？,为什么监狱里都住著犯人？,监狱的功能就是关押犯人,reasoning_qa_21.mp3
1,命题假设,逆否命题,如果所有的鱼类都生活在水中，那么我们能不能推断出来“所有不生活在水中的生物都不是鱼类”？,如果所有的鱼类都生活在水中，那么我们能不能推断出来“所有不生活在水中的生物都不是鱼类”？,可以,reasoning_qa_22.mp3
1,命题假设,归纳推理,每个穿着正式的人我遇到的都是去参加会议的。我看到一个穿着休闲的人。我是否可以推断他不是去参加会议的？,每个穿着正式的人我遇到的都是去参加会议的。我看到一个穿着休闲的人。我是否可以推断他不是去参加会议的？,不可以,reasoning_qa_23.mp3
1,数学情景题,24点,用以下四个数字，计算24点：1，5，5，5,用以下四个数字，计算24点：1，5，5，5,(5 - 1/5) × 5 = 24,reasoning_qa_24.mp3
1,数学情景题,年龄问题,小华今年12岁，他的爸爸是他的三倍年龄。那么，当小华出生时，他爸爸多大？,小华今年12岁，他的爸爸是他的三倍年龄。那么，当小华出生时，他爸爸多大？,24岁,reasoning_qa_25.mp3
1,数学情景题,24点,用以下四个数字，计算24点：6，9，9，10；,用以下四个数字，计算24点：6，9，9，10；,"1: (10/(6/9))+9 = 24
 2: (9/(6/10))+9= 24
 3: ((9/6)\times10)+9 = 24
 4: ((10/6)\times9)+9 = 24
 5: ((9\times10)/6)+9 = 24",reasoning_qa_26.mp3
1,数学情景题,ToT,有12颗乒乓球，其中有一颗废品，轻重未知，有一个天平，请问怎么通过称3次，找到这个废品？,有12颗乒乓球，其中有一颗废品，轻重未知，有一个天平，请问怎么通过称3次，找到这个废品？,"这个题关键在于第二次，第二次称重必须分两种情况讨论，如果缺少任何一种情况，只能得3分。且第二次称重必须识别出来异常球是更轻还是更重，如果第二次无法识别出来轻重，最多只能给3分。要找出12个乒乓球中唯一的一个异常球（要么重要么轻），只通过天平称重三次，我们可以这样操作：

### 第一次称重
1. **分组**：将12个球分成三组，每组4个球。标记为A组，B组，C组。
2. **称重**：将A组和B组放在天平的两边。

- **如果平衡**：异常球在C组。
- **如果不平衡**：异常球在较重或较轻的那一组（记下哪组较重）。

### 第二次称重
根据第一次的结果，我们可以缩小范围到只剩下4个球。现在，取三个球进行称重。

- **如果第一次平衡**（异常球在C组）：
- 取C组中的任意3个球，对半分成两组，各放在天平的两边。
- **如果平衡**：未称重的那个是异常球。
- **如果不平衡**：较轻或较重的那个是异常球。
- **如果第一次不平衡**（异常球在A组或B组）：
- 从较重或较轻的那组取3个球，另取一组正常球的1个球进行称重。
- **如果平衡**：未称重的那个是异常球。
- **如果不平衡**：继续观察是较重还是较轻，以确定异常球。

### 第三次称重
根据第二次的结果，我们只剩下确定是异常的1个或2个球。

- **如果剩下1个球**：直接称重与任意一个正常球比较，就能确定是重是轻。
- **如果剩下2个球**：将它们放在天平两边。
- **如果是从未称重的球**：较轻的是异常球。
- **如果是从之前较重或较轻的球中选出的**：根据之前的记录确定是重是轻。

通过这种方法，我们可以在三次称重内准确地找到那个异常的乒乓球。",reasoning_qa_27.mp3
1,常识推理,空间推理,从起点向北走4步，向东走3步，然后向南走5步，最后向西走2步。最终位置是否回到起点？,从起点向北走4步，向东走3步，然后向南走5步，最后向西走2步。最终位置是否回到起点？,否,reasoning_qa_28.mp3
1,数学情景题,24点,用13，13，1，7计算出24,用13，13，1，7计算出24,(13×13-1)÷7=24,reasoning_qa_29.mp3
1,数学情景题,年龄问题,小明现在是10岁。五年前，他的年龄是他妈妈年龄的五分之一。那么，小明的妈妈现在多少岁？,小明现在是10岁。五年前，他的年龄是他妈妈年龄的五分之一。那么，小明的妈妈现在多少岁？,30岁,reasoning_qa_30.mp3
1,数学情景题,求和问题,一个魔法数字，当它乘以2然后加上5，结果是11。这个魔法数字是什么？,一个魔法数字，当它乘以2然后加上5，结果是11。这个魔法数字是什么？,3,reasoning_qa_31.mp3
1,命题假设,归纳推理,我每次在雨天出门时都会遇到交通堵塞。我是否可以推断雨天总是会导致交通堵塞？,我每次在雨天出门时都会遇到交通堵塞。我是否可以推断雨天总是会导致交通堵塞？,不可以,reasoning_qa_32.mp3
1,常识推理,时差换算,从新加坡到开普敦，飞行时间为12小时。如果到达开普敦的时间是晚上9点，请问从新加坡起飞的时间是当地几点？,从新加坡到开普敦，飞行时间为12小时。如果到达开普敦的时间是晚上9点，请问从新加坡起飞的时间是当地几点？,下午三点,reasoning_qa_33.mp3
1,反事实,因果反置,为什么图书馆里都放书？,为什么图书馆里都放书？,图书馆的功能就是放书,reasoning_qa_34.mp3
1,命题假设,归纳推理,每个我认识的程序员都喜欢咖啡。我遇到一个喜欢咖啡的人。我是否可以推断他是程序员？,每个我认识的程序员都喜欢咖啡。我遇到一个喜欢咖啡的人。我是否可以推断他是程序员？,不可以,reasoning_qa_35.mp3
1,命题假设,归纳推理,我见过的所有科学家都戴眼镜。我遇到一个不戴眼镜的人。我是否可以推断他不是科学家？,我见过的所有科学家都戴眼镜。我遇到一个不戴眼镜的人。我是否可以推断他不是科学家？,不可以，我遇见的所有科学家不代表所有科学家,reasoning_qa_36.mp3
1,常识推理,周期推理,如果现在是星期四下午两点，那么42小时前是星期几？,如果现在是星期四下午两点，那么42小时前是星期几？,星期二,reasoning_qa_37.mp3
1,命题假设,归纳推理,我家的狗每次听到门铃响都会叫。我是否可以推断出所有的狗在听到门铃响时都会叫？,我家的狗每次听到门铃响都会叫。我是否可以推断出所有的狗在听到门铃响时都会叫？,不可以,reasoning_qa_38.mp3
1,命题假设,归纳推理,在我去过的每个海滩上，我都发现了贝壳。我是否可以推断世界上所有的海滩都有贝壳？,在我去过的每个海滩上，我都发现了贝壳。我是否可以推断世界上所有的海滩都有贝壳？,不可以,reasoning_qa_39.mp3
1,数学情景题,年龄问题,小李今年8岁，她的哥哥比她大4岁。在三年前，她哥哥的年龄是她的几倍？,小李今年8岁，她的哥哥比她大4岁。在三年前，她哥哥的年龄是她的几倍？,1.8倍,reasoning_qa_40.mp3
1,命题假设,演绎推理,一个人在两个口袋里各放了一种水果，一个苹果一个香蕉。每隔一小时，他就将两个口袋里的水果互换一次。5小时后，右口袋里是香蕉，请问最开始右口袋里是什么？,一个人在两个口袋里各放了一种水果，一个苹果一个香蕉。每隔一小时，他就将两个口袋里的水果互换一次。5小时后，右口袋里是香蕉，请问最开始右口袋里是什么？,苹果,reasoning_qa_41.mp3
1,命题假设,三段式,"所有名词是实词，动词不是名词，所以动词不是实词以下哪项推理与上述推理在结构上最为相似?
A、凡细粮都不是高产作物.因为凡薯类都是高产作物，所以凡细粮都不是薯类
B、先进学生都是遵守纪律的,有些先进学生是大学生,所以大学生都是遵守纪律的
C、铝是金属,又因为金属都是导电的,因此铝是导电的
D、虚词不以独立充当句法成分,介词是虚词,所以介词不能独立充当句法成分","所有名词是实词，动词不是名词，所以动词不是实词以下哪项推理与上述推理在结构上最为相似?
A、凡细粮都不是高产作物.因为凡薯类都是高产作物，所以凡细粮都不是薯类
B、先进学生都是遵守纪律的,有些先进学生是大学生,所以大学生都是遵守纪律的
C、铝是金属,又因为金属都是导电的,因此铝是导电的
D、虚词不以独立充当句法成分,介词是虚词,所以介词不能独立充当句法成分",D,reasoning_qa_42.mp3
1,常识推理,空间推理,从起点出发，我先向北走了10米，然后向东走了5米，再向南走了7米。为了回到原点，我应该怎么走？,从起点出发，我先向北走了10米，然后向东走了5米，再向南走了7米。为了回到原点，我应该怎么走？,"你有多种方法都可以回到原点，以下列举了一些可能的办法：
1.向南3米，再向西5米。
2.向南走10米，向西走5米，向北走7米。
3.向北走7米，向西走5米，向南走10米。
这些方法并不全，还有别的办法也可以回到原点。",reasoning_qa_43.mp3
1,常识推理,reversed curse,假设有规则，如果一个数字是奇数，那么它代表下一个偶数，如果是偶数，则代表上一个奇数。按此规则，数字串2458转化后是什么？,假设有规则，如果一个数字是奇数，那么它代表下一个偶数，如果是偶数，则代表上一个奇数。按此规则，数字串2458转化后是什么？,1367,reasoning_qa_44.mp3
1,常识推理,时差换算,现在是北京时间4月1日下午3点，那么纽约时间36小时前是几月几号，几点钟？,现在是北京时间4月1日下午3点，那么纽约时间36小时前是几月几号，几点钟？,3月30日14点,reasoning_qa_45.mp3
1,关系判断,蕴含/非蕴含,前提：张伟在图书馆找到了他需要的书。假设：图书馆有张伟需要的书。这是蕴涵还是非蕴涵关系？,前提：张伟在图书馆找到了他需要的书。假设：图书馆有张伟需要的书。这是蕴涵还是非蕴涵关系？,蕴含关系,reasoning_qa_46.mp3
1,常识推理,周期推理,如果现在是12月31日晚上11:30，那么172.5小时后是几月几号，几点钟？,如果现在是12月31日晚上11:30，那么172.5小时后是几月几号，几点钟？,1月8日4点,reasoning_qa_47.mp3
1,反事实,关联两个字面意思相关，但无因果的事,驼峰和珠穆朗瑪峰哪个好爬？,驼峰和珠穆朗瑪峰哪个好爬？,驼峰是动物组织，不是山。骆驼峰通常指骆驼背上突出的部位，是脂肪组织，驼峰是不可以攀爬的，驼峰和珠穆朗玛峰不具有可比性。如果学生没有识别出来驼峰是不可被攀爬的，那么判为1分。,reasoning_qa_48.mp3
1,关系判断,蕴含/非蕴含,前提：每当下雨，路上都会湿。假设：路上湿了，因此一定下过雨。这是蕴涵还是非蕴涵关系？,前提：每当下雨，路上都会湿。假设：路上湿了，因此一定下过雨。这是蕴涵还是非蕴涵关系？,非蕴含,reasoning_qa_49.mp3
1,关系判断,中立关系,“小王长得好看”，“小王智商很高”，这两句是因果关系还是中立关系？,“小王长得好看”，“小王智商很高”，这两句是因果关系还是中立关系？,中立关系,reasoning_qa_50.mp3
1,关系判断,中立关系,“商场奶粉卖的多”，“商场纸尿布卖的多”，这两句是因果关系还是中立关系？,“商场奶粉卖的多”，“商场纸尿布卖的多”，这两句是因果关系还是中立关系？,中立关系,reasoning_qa_51.mp3
1,关系判断,因果关系,给定句子：“所有成功的企业家都具备良好的沟通技巧。”判断这句话表示的是因果关系、相关关系还是中性关系。,给定句子：“所有成功的企业家都具备良好的沟通技巧。”判断这句话表示的是因果关系、相关关系还是中性关系。,因果,reasoning_qa_52.mp3
1,关系判断,因果关系,“植物枯萎了”，“没有浇水”，这两句话是什么关系？,“植物枯萎了”，“没有浇水”，这两句话是什么关系？,因果,reasoning_qa_53.mp3
1,关系判断,蕴含/非蕴含,"专科院校和高等院校之间是什么关系？
A。中立
B。包含
C。被包含","专科院校和高等院校之间是什么关系？
A。中立
B。包含
C。被包含",C.被包含。专科院校属于高等院校的一种。,reasoning_qa_54.mp3
1,关系判断,简单类比,画笔之于画家，相当于键盘之于打字员。请问，吉他之于吉他手，相当于什么之于钢琴家？,画笔之于画家，相当于键盘之于打字员。请问，吉他之于吉他手，相当于什么之于钢琴家？,钢琴,reasoning_qa_55.mp3
1,常识推理,周期推理,如果39小时之前是星期四早上10点钟，那么请问此刻是星期几的几点钟？,如果39小时之前是星期四早上10点钟，那么请问此刻是星期几的几点钟？,星期六早上一点,reasoning_qa_56.mp3
1,常识推理,几何推理,将一个矩形剪去一个角，剪完以后是几边形？,将一个矩形剪去一个角，剪完以后是几边形？,根据剪法不同，剪完以后的图形可能是五边形、四边形或三角形。,reasoning_qa_57.mp3
1,常识推理,周期推理,如果现在是晚上11点，那么27小时前是几点钟？,如果现在是晚上11点，那么27小时前是几点钟？,晚8点,reasoning_qa_58.mp3
1,数学情景题,跑步问题,你在跑步过程中，被倒数第一名超过了，你现在是第几名？,你在跑步过程中，被倒数第一名超过了，你现在是第几名？,倒数第一名,reasoning_qa_59.mp3
1,干扰性问题,加入干扰条件,今天是星期天，气象预报说接下来的一周受到台风的影响将会下雨，请问明天星期几？,今天是星期天，气象预报说接下来的一周受到台风的影响将会下雨，请问明天星期几？,星期一,reasoning_qa_60.mp3
1,常识推理,reversed curse,如果星期日到星期六分别代表数字1到7，而今天是星期三，3天后是什么“数字”？,如果星期日到星期六分别代表数字1到7，而今天是星期三，3天后是什么“数字”？,7,reasoning_qa_61.mp3
1,关系判断,简单类比,水壶之于煮水，相当于手机之于接电话。请问，电视之于观看新闻，相当于什么之于听广播？,水壶之于煮水，相当于手机之于接电话。请问，电视之于观看新闻，相当于什么之于听广播？,收音机,reasoning_qa_62.mp3
1,常识推理,周期推理,如果13天前是2020年2月25日，那么今天是几月几号？,如果13天前是2020年2月25日，那么今天是几月几号？,今天是3月9日,reasoning_qa_63.mp3
1,关系判断,简单类比,硬币之于商店，相当于燃料之于汽车。请问，电力之于电视，相当于什么之于收音机？,硬币之于商店，相当于燃料之于汽车。请问，电力之于电视，相当于什么之于收音机？,电池,reasoning_qa_64.mp3
1,反事实,关联两个不相关的人,为什么乔治·华盛顿不应该与拿破仑·波拿巴结盟？,为什么乔治·华盛顿不应该与拿破仑·波拿巴结盟？,不能合作，不在同一时代,reasoning_qa_65.mp3
1,关系判断,因果关系,“图书馆里人变多了”，“期末考试临近”，“学校增加了图书馆的开放时间”，请分析这些事件的逻辑关系。,“图书馆里人变多了”，“期末考试临近”，“学校增加了图书馆的开放时间”，请分析这些事件的逻辑关系。,因果,reasoning_qa_66.mp3
1,关系判断,简单类比,"如果笔相对于写字，那么书相对于
A、娱乐
B、阅读
C、学文化
D、解除疲劳","如果笔相对于写字，那么书相对于
A、娱乐
B、阅读
C、学文化
D、解除疲劳",B,reasoning_qa_67.mp3
1,常识推理,共性判断,两个铅笔、三个橡皮、四本书、五个苹果、六个杯子、七支钢笔，请问其中共有几个文具用品？,两个铅笔、三个橡皮、四本书、五个苹果、六个杯子、七支钢笔，请问其中共有几个文具用品？,12个，两个铅笔三个橡皮和七支钢笔,reasoning_qa_68.mp3
1,数学情景题,几何问题,一个圆和一个正方形有相同的周长。哪个图形的面积更大？,一个圆和一个正方形有相同的周长。哪个图形的面积更大？,圆,reasoning_qa_69.mp3
1,关系判断,对立关系,"一些人认为只有高学历的人才能在职场上取得成功。他们认为学历是衡量一个人能力和潜力的重要标准。以下哪项陈述构成对上文观点的反驳（ ）
A. 张三拥有博士学位，但因为缺乏实际工作经验，在职场上屡遭挫败。
B. 李四虽然只有高中学历，但凭借出色的创业能力，建立了自己的商业帝国。
C. 王五有硕士学位，在一家大公司担任高级管理职位。
D. 赵六拥有本科学历，在一家科技公司任职，职业生涯稳步发展。","一些人认为只有高学历的人才能在职场上取得成功。他们认为学历是衡量一个人能力和潜力的重要标准。以下哪项陈述构成对上文观点的反驳（ ）
A. 张三拥有博士学位，但因为缺乏实际工作经验，在职场上屡遭挫败。
B. 李四虽然只有高中学历，但凭借出色的创业能力，建立了自己的商业帝国。
C. 王五有硕士学位，在一家大公司担任高级管理职位。
D. 赵六拥有本科学历，在一家科技公司任职，职业生涯稳步发展。",B,reasoning_qa_70.mp3
1,关系判断,对立关系,"有观点认为，只有生活在大城市的人才能享受到更好的生活品质和更多的机会。他们认为大城市提供了更多的资源和便利。以下哪项陈述构成对上文观点的反驳（ ）
A. 小红在小镇长大，但她通过努力考上了一所名牌大学，最终在大城市找到了好工作。
B. 小明在大城市出生和成长，享受到了良好的教育和丰富的资源，成为了一名成功的律师。
C. 小华在乡村长大，但他发现在乡村农业创业有巨大的市场潜力，最终成为了成功的企业家。
D. 小李生活在大城市，但由于高昂的生活成本和竞争压力，生活质量并不高。","有观点认为，只有生活在大城市的人才能享受到更好的生活品质和更多的机会。他们认为大城市提供了更多的资源和便利。以下哪项陈述构成对上文观点的反驳（ ）
A. 小红在小镇长大，但她通过努力考上了一所名牌大学，最终在大城市找到了好工作。
B. 小明在大城市出生和成长，享受到了良好的教育和丰富的资源，成为了一名成功的律师。
C. 小华在乡村长大，但他发现在乡村农业创业有巨大的市场潜力，最终成为了成功的企业家。
D. 小李生活在大城市，但由于高昂的生活成本和竞争压力，生活质量并不高。",C,reasoning_qa_71.mp3
1,常识推理,空间推理,军训站军姿的队列中，小梁左边有2个人，后面有3个人。在小梁的右边第一位的人，前面有6个人，右边有2个人。这个队列中一共有多少人？,军训站军姿的队列中，小梁左边有2个人，后面有3个人。在小梁的右边第一位的人，前面有6个人，右边有2个人。这个队列中一共有多少人？,60,reasoning_qa_72.mp3
1,多步推理,串并行交叉推理（Chain & Tree）,在一家科技公司，小A、小B、小C、小D四位工程师的项目贡献度存在一定差异。已知：小A的项目贡献度超过了小B。小C的项目成果为30个创新点，又超过了小A的创新点数的20个。小D的项目贡献度低于小B。小B的贡献度比小D高15%。公司的绩效奖金按实际到手绩效的85%计算。请问，在这四位工程师中，他们的绩效由高到低分别为多少？,在一家科技公司，小A、小B、小C、小D四位工程师的项目贡献度存在一定差异。已知：小A的项目贡献度超过了小B。小C的项目成果为30个创新点，又超过了小A的创新点数的20个。小D的项目贡献度低于小B。小B的贡献度比小D高15%。公司的绩效奖金按实际到手绩效的85%计算。请问，在这四位工程师中，他们的绩效由高到低分别为多少？,C>A>B>D,reasoning_qa_73.mp3
1,常识推理,空间推理,从一个点出发，先向东走8步，然后左转走6步，右转走10步，再左转走5步，接着右转走3步，最后再左转走4步。问是否回到起点？如果没有，最终位置相对于起点的方向和距离是什么？,从一个点出发，先向东走8步，然后左转走6步，右转走10步，再左转走5步，接着右转走3步，最后再左转走4步。问是否回到起点？如果没有，最终位置相对于起点的方向和距离是什么？,没有，大约是25.81步,reasoning_qa_74.mp3
1,干扰性问题,加入干扰条件,一个公园里有50棵树，有一个湖，湖旁边儿有一个亭子，30个人在公园散步。突然这时下起了雨，有10个人打开了雨伞，5个人跑到了亭子里避雨。请问公园里现在有多少个人？,一个公园里有50棵树，有一个湖，湖旁边儿有一个亭子，30个人在公园散步。突然这时下起了雨，有10个人打开了雨伞，5个人跑到了亭子里避雨。请问公园里现在有多少个人？,30个人,reasoning_qa_75.mp3
1,干扰性问题,加入干扰条件,有五个一公斤的包裹，分别装有水果、蔬菜、肉类、面包和饮料。已知：最重的包裹不是装有肉类的；最轻的包裹不是装有面包的。请问，哪个包裹是最轻的？,有五个一公斤的包裹，分别装有水果、蔬菜、肉类、面包和饮料。已知：最重的包裹不是装有肉类的；最轻的包裹不是装有面包的。请问，哪个包裹是最轻的？,一样重,reasoning_qa_76.mp3
1,干扰性问题,加入干扰条件,苏珊喜欢阅读，但她不喜欢做数学题。她的房间里有很多书和一台电脑。如果她今天下午在房间里，我们能否推断出她正在阅读？,苏珊喜欢阅读，但她不喜欢做数学题。她的房间里有很多书和一台电脑。如果她今天下午在房间里，我们能否推断出她正在阅读？,不能推断出。她有可能在房间里做其他事情。,reasoning_qa_77.mp3
1,多步推理,串并行交叉推理（Chain & Tree）,甲、乙、丙三人比赛象棋，每两人赛一盘。胜一盘得2分。平一盘得1分，输一盘得0分。比赛的全部三盘下完后，只出现一盘平局。并且甲得3分，乙得2分，丙得1分。那么，甲乙，甲丙，乙丙之间的胜负分别是什么？,甲、乙、丙三人比赛象棋，每两人赛一盘。胜一盘得2分。平一盘得1分，输一盘得0分。比赛的全部三盘下完后，只出现一盘平局。并且甲得3分，乙得2分，丙得1分。那么，甲乙，甲丙，乙丙之间的胜负分别是什么？,甲乙甲胜，乙丙乙胜，甲丙平,reasoning_qa_78.mp3
1,多步推理,串行推理（Chain）,在一次篮球比赛中，小明的得分比小华高，小李得分比小明高，小王的得分比小华低，那么四个人中，谁的得分最低？,在一次篮球比赛中，小明的得分比小华高，小李得分比小明高，小王的得分比小华低，那么四个人中，谁的得分最低？,小王，小李 > 小明 > 小华 > 小王,reasoning_qa_79.mp3
1,常识推理,几何推理,一个图形，去掉一个角之后，剩下9个角，这个图形最初是什么？,一个图形，去掉一个角之后，剩下9个角，这个图形最初是什么？,有三种可能性，分别是八边形、九边形、十边形,reasoning_qa_80.mp3
1,常识推理,几何推理,一个图形，挖去三个角之后，剩下5个角，这个图形最初是什么形状？,一个图形，挖去三个角之后，剩下5个角，这个图形最初是什么形状？,依据挖角的方式不同，最初的图形可能是八边形、七边形、六边形、五边形、四边形或三角形,reasoning_qa_81.mp3
1,常识推理,共性判断,一个黄色的苹果、两个红色的苹果、三个绿色的苹果、四个橘红色的苹果，其中有3个苹果熟透了，请问总共有几个苹果？,一个黄色的苹果、两个红色的苹果、三个绿色的苹果、四个橘红色的苹果，其中有3个苹果熟透了，请问总共有几个苹果？,10个,reasoning_qa_82.mp3
1,数学情景题,青蛙跳井,井深35米，已知爬出井用了7天，一只青蛙每天白天爬上去6米。问这只青蛙每晚下滑多少米？,井深35米，已知爬出井用了7天，一只青蛙每天白天爬上去6米。问这只青蛙每晚下滑多少米？,1米,reasoning_qa_83.mp3
1,命题假设,演绎推理,一个孩子有五个不同颜色的气球：红、蓝、绿、黄、紫。如果他按照一定的顺序每次改变手中气球的颜色（红-蓝-绿-黄-紫），在改变32次后，右手是绿色的气球，请问最开始右手是什么颜色的气球？,一个孩子有五个不同颜色的气球：红、蓝、绿、黄、紫。如果他按照一定的顺序每次改变手中气球的颜色（红-蓝-绿-黄-紫），在改变32次后，右手是绿色的气球，请问最开始右手是什么颜色的气球？,红色,reasoning_qa_84.mp3
1,干扰性问题,加入干扰条件,超市里有3个收银员和10个顾客。其中一个收银员正在帮助顾客打包商品。请问超市里有多少个收银员？,超市里有3个收银员和10个顾客。其中一个收银员正在帮助顾客打包商品。请问超市里有多少个收银员？,3个收银员,reasoning_qa_85.mp3
1,多步推理,串并行交叉推理（Chain & Tree）,6个人排成一列，他们之间的身高由矮到高分别是1、2、3、4、5、6。以下是一些关于他们身高的陈述：A: 我是最矮的。B: 我是最高的。C: 我和A、D相邻。D: 我和C、E相邻。F：我和E、B相邻。请问，D的身高是多少？,6个人排成一列，他们之间的身高由矮到高分别是1、2、3、4、5、6。以下是一些关于他们身高的陈述：A: 我是最矮的。B: 我是最高的。C: 我和A、D相邻。D: 我和C、E相邻。F：我和E、B相邻。请问，D的身高是多少？,3,reasoning_qa_86.mp3
1,常识推理,reversed curse,"如果数字1-5分别代表字母A-E，而字母A-E又分别代表数字5-1（即A=5, B=4, C=3, D=2, E=1），那么数字串32145转化为字母串后，再转化回数字串是什么？","如果数字1-5分别代表字母A-E，而字母A-E又分别代表数字5-1（即A=5, B=4, C=3, D=2, E=1），那么数字串32145转化为字母串后，再转化回数字串是什么？",34521,reasoning_qa_87.mp3
1,干扰性问题,加入干扰条件,一个房间里有三个人，分别叫Tom、Jerry和Alice。他们中有一个是老师，一个是医生，一个是律师。房间里还有一只猫和一只狗，猫喜欢追逐狗。已知：Tom不是医生；Alice不是律师；医生和律师是邻居。请问，谁是老师？,一个房间里有三个人，分别叫Tom、Jerry和Alice。他们中有一个是老师，一个是医生，一个是律师。房间里还有一只猫和一只狗，猫喜欢追逐狗。已知：Tom不是医生；Alice不是律师；医生和律师是邻居。请问，谁是老师？,题目条件不充分，无法确定谁是老师。,reasoning_qa_88.mp3
1,多步推理,串行推理（Chain）,在一家销售公司，小白、小黑、小红、小绿四位销售员在一个月内的销售额存在一定的差异。已知：小白的销售额超过了小黑。小红的销售额为10万元，又超过了小白的销售额7.9万元。小绿的销售额低于小黑。小黑的营业额比小绿高10%。 公司的抽成制度为每位销售员实际到手营业额的80%。请问，在这四位销售员中，谁的实际到手营业额最低？,在一家销售公司，小白、小黑、小红、小绿四位销售员在一个月内的销售额存在一定的差异。已知：小白的销售额超过了小黑。小红的销售额为10万元，又超过了小白的销售额7.9万元。小绿的销售额低于小黑。小黑的营业额比小绿高10%。 公司的抽成制度为每位销售员实际到手营业额的80%。请问，在这四位销售员中，谁的实际到手营业额最低？,小绿,reasoning_qa_89.mp3
1,多步推理,并行推理,一个岛上有两种人，一种人只说真话，另一种人只说谎。你遇到两个人，A 和 B。A 说：“B 是说谎者。” B 说：“我们都是说谎者。” 请问，A 和 B 分别是什么人？,一个岛上有两种人，一种人只说真话，另一种人只说谎。你遇到两个人，A 和 B。A 说：“B 是说谎者。” B 说：“我们都是说谎者。” 请问，A 和 B 分别是什么人？,A说真话B说谎,reasoning_qa_90.mp3
1,多步推理,串并行交叉推理（Chain & Tree）,某班级有5个学生，分别来自不同的省份。已知以下条件：A和B来自相同的省份；B和C不来自同一个省份；C和D来自相同的省份；D和E不来自同一个省份；E和A的省份不同。根据上述条件，推断A和C来自同一个省份吗？,某班级有5个学生，分别来自不同的省份。已知以下条件：A和B来自相同的省份；B和C不来自同一个省份；C和D来自相同的省份；D和E不来自同一个省份；E和A的省份不同。根据上述条件，推断A和C来自同一个省份吗？,AC不是同一省份,reasoning_qa_91.mp3
1,多步推理,串行推理（Chain）,在一个商店里，甲花了比乙多200元，乙花了比丙多300元。如果丙花了500元，那么甲花了多少钱？,在一个商店里，甲花了比乙多200元，乙花了比丙多300元。如果丙花了500元，那么甲花了多少钱？,1000,reasoning_qa_92.mp3
1,常识推理,空间推理,小明站在一个军训队列里，他前面有6个人，后面有3个人，左边有2个人，右边有4个人。请问这个队列总共有多少人？,小明站在一个军训队列里，他前面有6个人，后面有3个人，左边有2个人，右边有4个人。请问这个队列总共有多少人？,70人,reasoning_qa_93.mp3
1,常识推理,空间推理,一个军训队列中有30个人。小陈右边有3个人，左边有2个人，前面有4个人，那么他后面有几个人？,一个军训队列中有30个人。小陈右边有3个人，左边有2个人，前面有4个人，那么他后面有几个人？,0人,reasoning_qa_94.mp3
1,多步推理,串行推理（Chain）,在一个空的房间里，小红比小张先到，小张比小李先到，小李比小明先到，小明比小红先到。请逐步推理求解谁先到达房间，或者此道题的合理性？,在一个空的房间里，小红比小张先到，小张比小李先到，小李比小明先到，小明比小红先到。请逐步推理求解谁先到达房间，或者此道题的合理性？,不合理,reasoning_qa_95.mp3
1,常识推理,空间推理,在一个军训队列中，小陶前面有5个人，后面有6个人。在小陶的右边第二位的人，左边有3个人，右边有4个人。队列一共有多少人？,在一个军训队列中，小陶前面有5个人，后面有6个人。在小陶的右边第二位的人，左边有3个人，右边有4个人。队列一共有多少人？,96人,reasoning_qa_96.mp3
1,干扰性问题,加入干扰条件,在一场比赛中，有四个队伍参加：A队、B队、C队和D队。A队讨厌下雨天，B队很适应下雪天，C队来自北方，D队来自沙漠。已知：A队赢了B队；C队赢了D队；获胜的队伍将晋级。比赛当天的天气是阴天，这使得比赛场地湿滑。请问，哪两个队伍晋级了？,在一场比赛中，有四个队伍参加：A队、B队、C队和D队。A队讨厌下雨天，B队很适应下雪天，C队来自北方，D队来自沙漠。已知：A队赢了B队；C队赢了D队；获胜的队伍将晋级。比赛当天的天气是阴天，这使得比赛场地湿滑。请问，哪两个队伍晋级了？,A、C,reasoning_qa_97.mp3
1,干扰性问题,加入干扰条件,每个我认识的程序员都喜欢咖啡。我遇到一个喜欢咖啡的人。他早上在电脑上打开了github，我是否可以推断他是程序员？,每个我认识的程序员都喜欢咖啡。我遇到一个喜欢咖啡的人。他早上在电脑上打开了github，我是否可以推断他是程序员？,不可以推断出,reasoning_qa_98.mp3
1,多步推理,串并行交叉推理（Chain & Tree）,条件一：在一个大型公司中，只有在一个员工担任管理职务，并且他的团队中有至少加在一起所有人超过10个人，他才会有一个专门的办公室。条件二：李华在一个大型公司工作，他的团队有6个男下属，2个女下属。条件三：李华担任管理职务。李华是否有一个专门的办公室？,条件一：在一个大型公司中，只有在一个员工担任管理职务，并且他的团队中有至少加在一起所有人超过10个人，他才会有一个专门的办公室。条件二：李华在一个大型公司工作，他的团队有6个男下属，2个女下属。条件三：李华担任管理职务。李华是否有一个专门的办公室？,没有,reasoning_qa_99.mp3
1,数学情景题,求和问题,一个三角形，有两个角的度数相同，第三个角的度数是这两个角度数之和，请问每个角多少度？,一个三角形，有两个角的度数相同，第三个角的度数是这两个角度数之和，请问每个角多少度？,45°，45°，90°,reasoning_qa_100.mp3
1,常识推理,空间推理,从起点向南走5步，向西走2步，再向北走4步，最后向东走1步。为了回到原点，需要如何行走？,从起点向南走5步，向西走2步，再向北走4步，最后向东走1步。为了回到原点，需要如何行走？,"1.先向西走1步，向南走4步，向东走2步，最后向北走5步。
2.向北走1步，然后向东走1步",reasoning_qa_101.mp3
1,多步推理,串行推理（Chain）,甲、乙、丙三人购买了不同牌子的汽车，分别是A、B、C。已知：甲不是买的A牌汽车。乙不是买的B牌汽车。丙不是买的C牌汽车。问：每个人分别购买了什么品牌的汽车？,甲、乙、丙三人购买了不同牌子的汽车，分别是A、B、C。已知：甲不是买的A牌汽车。乙不是买的B牌汽车。丙不是买的C牌汽车。问：每个人分别购买了什么品牌的汽车？,如果甲B，乙C丙A；如果甲C，乙A丙B,reasoning_qa_102.mp3
1,反事实,因果反置,为什么高原反应都出现在高海拔地区？,为什么高原反应都出现在高海拔地区？,人体在海拔较高的地方，由于氧气含量相对较低，身体需要适应这种低氧环境，才会出现高原反应,reasoning_qa_103.mp3
1,反事实,一个人做了一件不存在的事,莎士比亚常常坐飞机出差吗？,莎士比亚常常坐飞机出差吗？,不能，时代问题,reasoning_qa_104.mp3
1,常识推理,时差换算,如果我在东京下午3点出发前往旧金山，航程耗时9小时，请问我在旧金山当地的到达时间是几点？,如果我在东京下午3点出发前往旧金山，航程耗时9小时，请问我在旧金山当地的到达时间是几点？,正确答案是旧金山当日早上7点。如果回答不是当日，是前一天或次日，都是错误的。,reasoning_qa_105.mp3
1,反事实,关联两个不相关的人,莎士比亚怎么评论爱因斯坦的相对论？,莎士比亚怎么评论爱因斯坦的相对论？,不能评论,reasoning_qa_106.mp3
1,反事实,关联两个不相关的人,达芬奇与梵高合作了哪一幅画？,达芬奇与梵高合作了哪一幅画？,不能合作，不在同一时代,reasoning_qa_107.mp3
1,反事实,关联两个不相关的人,为什么拿破仑要与诸葛亮展开辩论？,为什么拿破仑要与诸葛亮展开辩论？,不能进行辩论，因为这两个人不属于同一年代，不属于同一国家。,reasoning_qa_108.mp3
1,反事实,同一个人,孔文举为什么要给孔融让梨？,孔文举为什么要给孔融让梨？,孔文举是孔融的字,reasoning_qa_109.mp3
1,常识推理,其他常识排序,将以下物品按体积大小排序：足球、冰箱、耳钉、房车、原子。,将以下物品按体积大小排序：足球、冰箱、耳钉、房车、原子。,房车 > 冰箱 >足球 > 耳钉 >原子,reasoning_qa_110.mp3
1,反事实,一个人做了一件不存在的事,唐太宗李世民喜欢坐汽车去哪？,唐太宗李世民喜欢坐汽车去哪？,李世民生活在公元6世纪的中国，那时候还没有汽车。,reasoning_qa_111.mp3
1,反事实,不符合科学常识的事情,成年青蛙的尾巴有什么功能？,成年青蛙的尾巴有什么功能？,青蛙成年是没有尾巴的。,reasoning_qa_112.mp3
1,常识推理,语义推敲,老板说：“你这次的工作表现不算差”。这句话是在夸奖还是在批评？,老板说：“你这次的工作表现不算差”。这句话是在夸奖还是在批评？,不明确,reasoning_qa_113.mp3
1,常识推理,动作排序,对以下动作排序：记录结果、准备实验材料、分析数据、进行实验、设计实验。,对以下动作排序：记录结果、准备实验材料、分析数据、进行实验、设计实验。,设计实验 > 准备实验材料 > 进行实验 > 记录结果 > 分析数据,reasoning_qa_114.mp3
1,常识推理,其他常识排序,将以下容器按容量从大到小排序：游泳池、水桶、马克杯。,将以下容器按容量从大到小排序：游泳池、水桶、马克杯。,游泳池 > 水桶 > 马克杯,reasoning_qa_115.mp3
1,常识推理,周期推理,现在是4月30日下午2点，125小时后是几月几号，几点钟？,现在是4月30日下午2点，125小时后是几月几号，几点钟？,5月5日下午7点,reasoning_qa_116.mp3
1,常识推理,其他常识排序,将以下作家按出生时间从早到晚排序：莎士比亚、但丁、卡夫卡、简·奥斯汀。,将以下作家按出生时间从早到晚排序：莎士比亚、但丁、卡夫卡、简·奥斯汀。,"1. 但丁 (1265-1321)
2. 莎士比亚 (1564-1616)
3. 简·奥斯汀 (1775-1817)
4. 卡夫卡 (1883-1924)",reasoning_qa_117.mp3
1,数学情景题,求和问题,如果12个苹果和8个橘子平均分配给某些孩子（不止一个），每个孩子得到的苹果和橘子的总数相等。至少需要多少孩子？,如果12个苹果和8个橘子平均分配给某些孩子（不止一个），每个孩子得到的苹果和橘子的总数相等。至少需要多少孩子？,至少需要2个孩子,reasoning_qa_118.mp3
1,数学情景题,跑步问题,"以下是有关逻辑与推理的单项选择题，请选出下列最符合的选项。只能用字母A、B、C、D作答，不要给出多余的内容。
在一场赛跑比赛中，你刚刚超过了第二名选手，那么你现在是第几名？
A. 第一名
B. 第二名
C. 第三名
D. 无法确定
答案：","以下是有关逻辑与推理的单项选择题，请选出下列最符合的选项。只能用字母A、B、C、D作答，不要给出多余的内容。
在一场赛跑比赛中，你刚刚超过了第二名选手，那么你现在是第几名？
A. 第一名
B. 第二名
C. 第三名
D. 无法确定
答案：",B,reasoning_qa_119.mp3
1,命题假设,演绎推理,"如果有人在1985年以后大学毕业，他就一定读过《邓小平理论》。刘杨读过《邓小平理论》，所以（） 
A、刘杨是1985年以后的大学毕业生
B、刘杨是共产党员
C、刘杨可能是1985年以后的大学毕业生
D、刘杨喜欢这本书","如果有人在1985年以后大学毕业，他就一定读过《邓小平理论》。刘杨读过《邓小平理论》，所以（） 
A、刘杨是1985年以后的大学毕业生
B、刘杨是共产党员
C、刘杨可能是1985年以后的大学毕业生
D、刘杨喜欢这本书",C,reasoning_qa_120.mp3
1,命题假设,三段式,"下面的表述，大小前提能推出结论吗?
“某学院同学都是共青团员”；
“某班同学都是共青团员;”
“所以，某班同学都是某学院的学生”
A、能
B、不能
C、无法确定","下面的表述，大小前提能推出结论吗?
“某学院同学都是共青团员”；
“某班同学都是共青团员;”
“所以，某班同学都是某学院的学生”
A、能
B、不能
C、无法确定",B,reasoning_qa_121.mp3
1,常识推理,时差换算,现在是伦敦时间5月1日上午10点，那么东京时间150小时前是几月几号，几点钟？,现在是伦敦时间5月1日上午10点，那么东京时间150小时前是几月几号，几点钟？,4月25日13点,reasoning_qa_122.mp3
1,命题假设,三段式,"请尽快决定，这个辩论是否合乎逻辑，结论可以从它的命题中得出吗?
1）所有玫瑰都是花。
2）有些花很快就凋谢
3）所以有些玫瑰很快就凋谢

A、合乎逻辑
B、不合乎逻辑","请尽快决定，这个辩论是否合乎逻辑，结论可以从它的命题中得出吗?
1）所有玫瑰都是花。
2）有些花很快就凋谢
3）所以有些玫瑰很快就凋谢

A、合乎逻辑
B、不合乎逻辑",B,reasoning_qa_123.mp3
1,命题假设,逆否命题,"凡有关国家机密的案件都不是公开审理的案件。据此，我们可以推出:
A、不公开审理的案件都是有关国家机密的案件
B、公开审理的案件都不是有关国家机密的案件
C、有关国家机密的某些案件可以公开审理
D、不涉及国家机密的有些案件可以不公开审理","凡有关国家机密的案件都不是公开审理的案件。据此，我们可以推出:
A、不公开审理的案件都是有关国家机密的案件
B、公开审理的案件都不是有关国家机密的案件
C、有关国家机密的某些案件可以公开审理
D、不涉及国家机密的有些案件可以不公开审理",B,reasoning_qa_124.mp3
1,关系判断,简单类比,"书籍：知识：阅读，请选出逻辑相似的一项?
A. 羽毛球：运动：打球
B. 电影：娱乐：观看
C. 音乐：欣赏：听歌
D. 美食：口感：烹饪\n","书籍：知识：阅读，请选出逻辑相似的一项?
A. 羽毛球：运动：打球
B. 电影：娱乐：观看
C. 音乐：欣赏：听歌
D. 美食：口感：烹饪\n","正确答案是B。
分析过程：要找出与“书籍：知识：阅读”逻辑相似的一项，我们需要理解这个比较中的逻辑关系。这里的逻辑是：第一项（书籍）是获取第二项（知识）的一种方式，而第三项（阅读）是进行这种活动的具体行为，且可以通顺组成句子，比如阅读书籍。

根据这个逻辑，我们来分析每个选项：

A. 羽毛球：运动：打球
   - 羽毛球是一种运动，但打球羽毛球，这不通顺。因此这个选项不合理。

B. 电影：娱乐：观看
   - 电影是一种娱乐，观看是享受这种娱乐的行为。这同样符合逻辑关系。

C. 音乐：欣赏：听歌
   - 音乐是一种可以欣赏的艺术形式，但听歌音乐，这不通顺。因此这个选项不合理。

D. 美食：口感：烹饪
   - 美食是一种可以体验口感的事物，但烹饪是制作美食的行为，不是体验口感的行为。这不符合逻辑关系。",reasoning_qa_125.mp3
1,关系判断,简单类比,"父母：孩子：照顾，请选出逻辑相似的一项?
A. 雇主：员工：付薪
B. 师傅：徒弟：教导
C. 农民：土地：耕种
D. 警察：犯罪者：逮捕","父母：孩子：照顾，请选出逻辑相似的一项?
A. 雇主：员工：付薪
B. 师傅：徒弟：教导
C. 农民：土地：耕种
D. 警察：犯罪者：逮捕",B,reasoning_qa_126.mp3
1,常识推理,reversed curse,已知黄色的球比蓝色的球重，那么蓝色的球比黄色的球轻，这个说法正确吗？,已知黄色的球比蓝色的球重，那么蓝色的球比黄色的球轻，这个说法正确吗？,正确,reasoning_qa_127.mp3
1,关系判断,复杂类比,"小华认为所有的哺乳动物都有毛发，然而，小丽指出鲸鱼虽然属于哺乳动物，但并没有毛发。下面哪一项推理的模式与小丽的推理模式最为相似？
A．小杨认为所有的鸟类都有羽毛，但小陈指出企鹅虽然属于鸟类，但羽毛并不丰满
B．小李认为所有的植物都需要阳光，但小张指出蘑菇虽然需要生长，但不需要阳光
C．小王认为所有的昆虫都有翅膀，但小赵指出蚂蚁虽然属于昆虫，但没有翅膀
D．小马认为所有的爬行动物都是冷血的，但小刘指出鳄鱼虽然属于爬行动物，却是温血的","小华认为所有的哺乳动物都有毛发，然而，小丽指出鲸鱼虽然属于哺乳动物，但并没有毛发。下面哪一项推理的模式与小丽的推理模式最为相似？
A．小杨认为所有的鸟类都有羽毛，但小陈指出企鹅虽然属于鸟类，但羽毛并不丰满
B．小李认为所有的植物都需要阳光，但小张指出蘑菇虽然需要生长，但不需要阳光
C．小王认为所有的昆虫都有翅膀，但小赵指出蚂蚁虽然属于昆虫，但没有翅膀
D．小马认为所有的爬行动物都是冷血的，但小刘指出鳄鱼虽然属于爬行动物，却是温血的",C,reasoning_qa_128.mp3
1,关系判断,复杂类比,"小林认为所有的鸽子都会飞，然而他的朋友反驳说有些鸽子由于病痛并不能飞。下面哪一项推理的模式与小林朋友的推理模式最为相似？
A. 小峰认为所有的汽车都是燃油驱动的，小峰的朋友反驳说他见过电动汽车。
B. 小杨认为所有的手机都是触摸屏的，小杨的朋友反驳说他见过按键手机。
C. 小楠认为所有的电视都是彩色的，小楠的朋友反驳说外公家的就是黑白电视。
D. 小芳的朋友说所有的母鸡都会下蛋，可是小芳反驳说有些老母鸡已经不会下蛋了。","小林认为所有的鸽子都会飞，然而他的朋友反驳说有些鸽子由于病痛并不能飞。下面哪一项推理的模式与小林朋友的推理模式最为相似？
A. 小峰认为所有的汽车都是燃油驱动的，小峰的朋友反驳说他见过电动汽车。
B. 小杨认为所有的手机都是触摸屏的，小杨的朋友反驳说他见过按键手机。
C. 小楠认为所有的电视都是彩色的，小楠的朋友反驳说外公家的就是黑白电视。
D. 小芳的朋友说所有的母鸡都会下蛋，可是小芳反驳说有些老母鸡已经不会下蛋了。",D,reasoning_qa_129.mp3
1,关系判断,复杂类比,"小王认为所有的鱼类都有鳞片，然而，小李指出鳗鱼虽然属于鱼类，但没有鳞片。下面哪一项推理的模式与小李的推理模式最为相似？
A．小张认为所有的蔬菜都富含维生素，但小赵指出土豆虽然属于蔬菜，但维生素含量并不高
B．小陈认为所有的昆虫都有六条腿，但小吴指出蜘蛛虽然属于昆虫，却有八条腿
C．小刘认为所有的鸟类都会飞，但小郑指出企鹅虽然属于鸟类，但不能飞
D．小马认为所有的爬行动物都是冷血的，但小黄指出鳄鱼虽然属于爬行动物，却是温血的","小王认为所有的鱼类都有鳞片，然而，小李指出鳗鱼虽然属于鱼类，但没有鳞片。下面哪一项推理的模式与小李的推理模式最为相似？
A．小张认为所有的蔬菜都富含维生素，但小赵指出土豆虽然属于蔬菜，但维生素含量并不高
B．小陈认为所有的昆虫都有六条腿，但小吴指出蜘蛛虽然属于昆虫，却有八条腿
C．小刘认为所有的鸟类都会飞，但小郑指出企鹅虽然属于鸟类，但不能飞
D．小马认为所有的爬行动物都是冷血的，但小黄指出鳄鱼虽然属于爬行动物，却是温血的",C,reasoning_qa_130.mp3
1,关系判断,复杂类比,"小红认为所有的哺乳动物都是胎生的，然而，小刚指出鸭嘴兽虽然是哺乳动物，但并非胎生。下面哪一项推理的模式与小刚的推理模式最为相似？
A．小张认为所有的鸟类都会飞，但小李指出企鹅虽然属于鸟类，但不能飞
B．小王认为所有的昆虫都有六条腿，但小赵指出蜘蛛虽然属于昆虫，却有八条腿
C．小陈认为所有的植物都需要阳光，但小吴指出蘑菇虽然需要生长，但不需要阳光
D．小刘认为所有的鱼类都生活在水中，但小郑指出鲸鱼虽然生活在水中，但并非鱼类","小红认为所有的哺乳动物都是胎生的，然而，小刚指出鸭嘴兽虽然是哺乳动物，但并非胎生。下面哪一项推理的模式与小刚的推理模式最为相似？
A．小张认为所有的鸟类都会飞，但小李指出企鹅虽然属于鸟类，但不能飞
B．小王认为所有的昆虫都有六条腿，但小赵指出蜘蛛虽然属于昆虫，却有八条腿
C．小陈认为所有的植物都需要阳光，但小吴指出蘑菇虽然需要生长，但不需要阳光
D．小刘认为所有的鱼类都生活在水中，但小郑指出鲸鱼虽然生活在水中，但并非鱼类",A,reasoning_qa_131.mp3
1,关系判断,复杂类比,"小张对他的朋友说，所有的狗都是善于游泳的，但是他的朋友反驳他，因为有些犬种并不擅长游泳，所以他的言论不正确。下面哪一项推理的模式与小张朋友的推理模式最为相似？
A. 小明认为所有的羊都会跳舞，因为他们都属于哺乳动物，然后很多哺乳动物会跳舞。
B. 小红认为所有的猫都会爬树，因为她见过一只猫爬树。
C. 小李认为所有的马都会飞，而他的朋友反驳他，因为有些马并不会飞。
D. 小华认为所有的鱼都会潜水，因为他们都生活在水里。","小张对他的朋友说，所有的狗都是善于游泳的，但是他的朋友反驳他，因为有些犬种并不擅长游泳，所以他的言论不正确。下面哪一项推理的模式与小张朋友的推理模式最为相似？
A. 小明认为所有的羊都会跳舞，因为他们都属于哺乳动物，然后很多哺乳动物会跳舞。
B. 小红认为所有的猫都会爬树，因为她见过一只猫爬树。
C. 小李认为所有的马都会飞，而他的朋友反驳他，因为有些马并不会飞。
D. 小华认为所有的鱼都会潜水，因为他们都生活在水里。",C,reasoning_qa_132.mp3
1,常识推理,其他常识排序,将以下职业按平均年收入从高到低排序：保洁阿姨、硅谷软件工程师、小学教师。,将以下职业按平均年收入从高到低排序：保洁阿姨、硅谷软件工程师、小学教师。,硅谷软件工程师、小学教师、保洁阿姨,reasoning_qa_133.mp3
1,常识推理,reversed curse,"如果“×”代表除法，""÷""代表乘法，那么10×5=？","如果“×”代表除法，""÷""代表乘法，那么10×5=？",2,reasoning_qa_134.mp3
1,常识推理,reversed curse,假设9-4=13，在这个逻辑下，“-”代表什么运算？,假设9-4=13，在这个逻辑下，“-”代表什么运算？,加法,reasoning_qa_135.mp3
1,常识推理,语义推敲,一个孩子说：“我总是按时完成作业”，但他的老师说孩子经常交迟了作业。这是否意味着孩子从未按时完成过作业？,一个孩子说：“我总是按时完成作业”，但他的老师说孩子经常交迟了作业。这是否意味着孩子从未按时完成过作业？,并不意味,reasoning_qa_136.mp3
1,多步推理,推理链条削弱,"小红经常听到一句话，只有经历过失恋的人才能真正明白爱情。以下哪项如果正确，最能削弱这个论证？
A．只有经历过失恋的人才能明白爱情
B．一些未经历过失恋的人也能真正明白爱情
C．经历过失恋的人一定可以明白爱情
D．一些经历过失恋的人反而更加困惑于爱情","小红经常听到一句话，只有经历过失恋的人才能真正明白爱情。以下哪项如果正确，最能削弱这个论证？
A．只有经历过失恋的人才能明白爱情
B．一些未经历过失恋的人也能真正明白爱情
C．经历过失恋的人一定可以明白爱情
D．一些经历过失恋的人反而更加困惑于爱情",B,reasoning_qa_137.mp3
1,多步推理,推理链条削弱,"广告宣称只有经常吃多种维生素的人才能保持良好身体状况。以下哪项如果正确，最能支持这个看法？
A．只有身体状况良好的人才经常吃维生素
B．一些不经常吃维生素的人身体状况也良好
C．所有经常吃维生素的人身体状况都良好
D．有些经常吃维生素的人身体状况并不良好","广告宣称只有经常吃多种维生素的人才能保持良好身体状况。以下哪项如果正确，最能支持这个看法？
A．只有身体状况良好的人才经常吃维生素
B．一些不经常吃维生素的人身体状况也良好
C．所有经常吃维生素的人身体状况都良好
D．有些经常吃维生素的人身体状况并不良好",C,reasoning_qa_138.mp3
1,多步推理,推理链条削弱,"冬季，某市公交系统在许多线路上增加了临时公交车，以作为这些线路公交运输的补充。但是在一段时期内，原线路乘客拥挤的现象未得到缓解。
在下列陈述中，无助于解释上述现象的是 ()。

A、这些路线的乘客中，在冬季突然增加了大量外地民工
B、一段时期内人们对新增临时公交车的停车站、运行时间等还不清楚
C、临时公交车在每日运行高峰期中增加的数量有限
D、临时公交车的司机售票员都与公司签订了承包合同","冬季，某市公交系统在许多线路上增加了临时公交车，以作为这些线路公交运输的补充。但是在一段时期内，原线路乘客拥挤的现象未得到缓解。
在下列陈述中，无助于解释上述现象的是 ()。

A、这些路线的乘客中，在冬季突然增加了大量外地民工
B、一段时期内人们对新增临时公交车的停车站、运行时间等还不清楚
C、临时公交车在每日运行高峰期中增加的数量有限
D、临时公交车的司机售票员都与公司签订了承包合同",D,reasoning_qa_139.mp3
1,多步推理,推理链条削弱,"在教育学研究中，人们试著证明考试和知识理解之间的关系，普遍认为只有通过考试的人才算是真正理解知识。以下哪项如果正确，最能削弱这个看法？
A．只有那些真正理解知识的人才能通过考试
B．一些未通过考试的人也能真正理解知识
C．所有通过考试的人都真正理解了知识
D．有些通过考试的人并未真正理解知识","在教育学研究中，人们试著证明考试和知识理解之间的关系，普遍认为只有通过考试的人才算是真正理解知识。以下哪项如果正确，最能削弱这个看法？
A．只有那些真正理解知识的人才能通过考试
B．一些未通过考试的人也能真正理解知识
C．所有通过考试的人都真正理解了知识
D．有些通过考试的人并未真正理解知识",B,reasoning_qa_140.mp3
1,多步推理,推理链条削弱,"科学研究发现，每天坚持做运动的人平均寿命比不运动的人多4岁，得出结论为坚持运动为才能健康长寿。以下哪项如果正确会削弱此论证？
A．有些长寿的人并没有每天做运动
B．只有长寿的人才每天坚持做运动
C．有些做运动的人并不长寿
D．每天坚持做运动的人确实健康长寿","科学研究发现，每天坚持做运动的人平均寿命比不运动的人多4岁，得出结论为坚持运动为才能健康长寿。以下哪项如果正确会削弱此论证？
A．有些长寿的人并没有每天做运动
B．只有长寿的人才每天坚持做运动
C．有些做运动的人并不长寿
D．每天坚持做运动的人确实健康长寿",C,reasoning_qa_141.mp3
1,多步推理,推理链条削弱,"大家普遍认为想要成为优秀的作家，需要日以继夜的练习写作。以下哪项如果正确会削弱此论点？
A．只有优秀的作家才经常练习写作
B．一些从未练习写作的人也成为了优秀作家
C．所有经常练习写作的人都成为了优秀作家
D．有些经常练习写作的人并未成为优秀作家","大家普遍认为想要成为优秀的作家，需要日以继夜的练习写作。以下哪项如果正确会削弱此论点？
A．只有优秀的作家才经常练习写作
B．一些从未练习写作的人也成为了优秀作家
C．所有经常练习写作的人都成为了优秀作家
D．有些经常练习写作的人并未成为优秀作家",B,reasoning_qa_142.mp3
1,多步推理,串并行交叉推理（Chain & Tree）,"甲、乙、丙三个小朋友赛跑。得第一名的不是甲，得第二名的不是丙，乙看见甲和丙都在自己的前面到达了终点。
则，甲得了第()名，乙得了第()名，丙得了第()名。","甲、乙、丙三个小朋友赛跑。得第一名的不是甲，得第二名的不是丙，乙看见甲和丙都在自己的前面到达了终点。
则，甲得了第()名，乙得了第()名，丙得了第()名。",甲2乙3丙1,reasoning_qa_143.mp3
1,多步推理,串并行交叉推理（Chain & Tree）,"条件一：只有在一个人全面接种了新冠病毒疫苗，并且在过去的14天内没有接触过已知的新冠病毒感染者，他才能进入公司的办公室。
条件二：王五在过去的14天内没有接触过已知的新冠病毒感染者，但他只接种了新冠病毒疫苗的第一剂。
条件三：公司的年度晚会被安排在了公司的205号会议室。
条件四：新冠病毒疫苗一共有3剂要注射
条件五：市中心的大酒店对任何顾客都没有进入的限制，哪怕这个顾客有传染病
问题：王五能否参加公司的年度晚会？","条件一：只有在一个人全面接种了新冠病毒疫苗，并且在过去的14天内没有接触过已知的新冠病毒感染者，他才能进入公司的办公室。
条件二：王五在过去的14天内没有接触过已知的新冠病毒感染者，但他只接种了新冠病毒疫苗的第一剂。
条件三：公司的年度晚会被安排在了公司的205号会议室。
条件四：新冠病毒疫苗一共有3剂要注射
条件五：市中心的大酒店对任何顾客都没有进入的限制，哪怕这个顾客有传染病
问题：王五能否参加公司的年度晚会？",不能,reasoning_qa_144.mp3
1,多步推理,并行推理,有三个人，分别来自美国、英国、法国。他们分别喜欢喝咖啡、茶、红酒。已知：美国人喜欢喝茶，英国人不喜欢喝咖啡。请问，法国人喜欢喝什么？,有三个人，分别来自美国、英国、法国。他们分别喜欢喝咖啡、茶、红酒。已知：美国人喜欢喝茶，英国人不喜欢喝咖啡。请问，法国人喜欢喝什么？,法国人喜欢咖啡。,reasoning_qa_145.mp3
1,常识推理,周期推理,今天是2月28日晚上9点，今年是闰年。请问93小时后是几月几号？,今天是2月28日晚上9点，今年是闰年。请问93小时后是几月几号？,3月3日下午6点。,reasoning_qa_146.mp3
1,常识推理,图形预测,"以下是有关逻辑与推理的单项选择题，请选出下列最符合的选项。只能用字母A、B、C、D作答，不要给出多余的内容。
如果一个模式由一个红色的圆，紧接着是两个蓝色的正方形，然后是三个黄色的三角形组成，那么下一组图形最有可能是什么？
A. 四个绿色的五边形
B. 两个红色的圆
C. 三个蓝色的正方形
D. 四个黄色的三角形
答案：","以下是有关逻辑与推理的单项选择题，请选出下列最符合的选项。只能用字母A、B、C、D作答，不要给出多余的内容。
如果一个模式由一个红色的圆，紧接着是两个蓝色的正方形，然后是三个黄色的三角形组成，那么下一组图形最有可能是什么？
A. 四个绿色的五边形
B. 两个红色的圆
C. 三个蓝色的正方形
D. 四个黄色的三角形
答案：",A,reasoning_qa_147.mp3
1,常识推理,其他常识排序,将下列动物按照平均寿命从短到长排序：猫、大象、乌龟、仓鼠。,将下列动物按照平均寿命从短到长排序：猫、大象、乌龟、仓鼠。,仓鼠、狗、大象、乌龟,reasoning_qa_148.mp3
1,常识推理,reversed curse,"如果11+11=4
12+12 = 9
13+13 = ?","如果11+11=4
12+12 = 9
13+13 = ?",16,reasoning_qa_149.mp3
1,常识推理,reversed curse,小李的爸爸妈妈分别叫老李和老赵，已知老李和老赵只有一个孩子，那么老赵的儿子是谁？,小李的爸爸妈妈分别叫老李和老赵，已知老李和老赵只有一个孩子，那么老赵的儿子是谁？,小李。,reasoning_qa_150.mp3
1,"博弈论
",囚徒困境,在一个商业竞争中，两个公司需要决定是否进行价格战。如果他们都不打价格战，他们的利润都会上升10%。如果一个公司打价格战而另一个公司不打，打价格战的公司的利润将上升30%，而另一个公司的利润将下降30%。如果他们都打价格战，他们的利润都将下降20%。根据博弈论来推断，每个公司的最终策略是什么？,在一个商业竞争中，两个公司需要决定是否进行价格战。如果他们都不打价格战，他们的利润都会上升10%。如果一个公司打价格战而另一个公司不打，打价格战的公司的利润将上升30%，而另一个公司的利润将下降30%。如果他们都打价格战，他们的利润都将下降20%。根据博弈论来推断，每个公司的最终策略是什么？,双方都打价格战,reasoning_qa_151.mp3
1,"博弈论
",囚徒困境,两个足球队分别选择进攻还是防守策略。如果他们都防守，比分将会是1:1。如果一个队伍选择防守而另一个队伍选择进攻，进攻的队伍将会以3:0胜出。如果他们都进攻，比分将会是2:2。根据博弈论来推断，每个队伍的最终策略是什么？,两个足球队分别选择进攻还是防守策略。如果他们都防守，比分将会是1:1。如果一个队伍选择防守而另一个队伍选择进攻，进攻的队伍将会以3:0胜出。如果他们都进攻，比分将会是2:2。根据博弈论来推断，每个队伍的最终策略是什么？,双方都进攻,reasoning_qa_152.mp3
1,"博弈论
",囚徒困境,两名棋手即将开始一场比赛，他们可以选择攻或守。如果他们都选择守，比赛将会是平局。如果一个人选择攻而另一个人选择守，攻的人将会赢，守的人将会输。如果他们都选择攻，比赛将会是平局。根据博弈论来推断，每个棋手的最终策略是什么？,两名棋手即将开始一场比赛，他们可以选择攻或守。如果他们都选择守，比赛将会是平局。如果一个人选择攻而另一个人选择守，攻的人将会赢，守的人将会输。如果他们都选择攻，比赛将会是平局。根据博弈论来推断，每个棋手的最终策略是什么？,根据博弈论的结果，双方都将会选择攻击。双方都不会打破这个困境。没有其他可能性。,reasoning_qa_153.mp3
1,"博弈论
",鸽鹰博弈,两名政治竞选候选人正争夺同一选区的选民支持。如果他们都展开激烈的竞选活动，将消耗大量资源，但最终会平分选民支持。如果一名候选人展开竞选而另一名候选人避免，竞选者将获得选民支持，而避免的候选人将失去选民。如果两名候选人都避免竞选，选民将无法做出选择。根据博弈论来推断，最后，候选人的均衡策略是什么？,两名政治竞选候选人正争夺同一选区的选民支持。如果他们都展开激烈的竞选活动，将消耗大量资源，但最终会平分选民支持。如果一名候选人展开竞选而另一名候选人避免，竞选者将获得选民支持，而避免的候选人将失去选民。如果两名候选人都避免竞选，选民将无法做出选择。根据博弈论来推断，最后，候选人的均衡策略是什么？,都参与竞选,reasoning_qa_154.mp3
1,常识推理,其他,桶里总共有10个球，其中4个红球，6个绿球，现在依次从桶里拿球出来，前面九次拿出来4个红球，5个绿球，请问第十次拿出来的球是什么颜色？,桶里总共有10个球，其中4个红球，6个绿球，现在依次从桶里拿球出来，前面九次拿出来4个红球，5个绿球，请问第十次拿出来的球是什么颜色？,第十次拿出来的是绿球。,reasoning_qa_155.mp3
1,常识推理,其他,我总共要依次拜访10个外国朋友，其中6个南极人和4个南美洲人，已知前面9次我拜访了4个南美洲人和5个南极人，请问我最后拜访的是哪位？,我总共要依次拜访10个外国朋友，其中6个南极人和4个南美洲人，已知前面9次我拜访了4个南美洲人和5个南极人，请问我最后拜访的是哪位？,最后一次拜访的是南极人。,reasoning_qa_156.mp3
1,多步推理,串并行交叉推理（Chain & Tree）,有四个球。蓝球比黄球大;蓝球比黑球小;黑球比红球小。请按照从大到小的顺序把各种颜色的球进行排序。,有四个球。蓝球比黄球大;蓝球比黑球小;黑球比红球小。请按照从大到小的顺序把各种颜色的球进行排序。,从大到小的排序为：红球、黑球、蓝球、黄球,reasoning_qa_157.mp3
1,多步推理,串并行交叉推理（Chain & Tree）,甲、乙、丙三个小朋友进行跑步。得第一名的不是甲，得第二名的不是丙，乙看见甲和丙都在自己的前面到达了终点。那么甲、乙、丙分别是第几名？,甲、乙、丙三个小朋友进行跑步。得第一名的不是甲，得第二名的不是丙，乙看见甲和丙都在自己的前面到达了终点。那么甲、乙、丙分别是第几名？,乙第三名，甲第二名，丙第一名。,reasoning_qa_158.mp3
1,常识推理,其他常识排序,按人口多少对以下城市排序：东京、纽约市、堪培拉。,按人口多少对以下城市排序：东京、纽约市、堪培拉。,东京 > 纽约市 > 堪培拉,reasoning_qa_159.mp3
1,数学情景题,ToT,烧一根不均匀的绳子，从头烧到尾需要2小时，现有若干条这种绳子，如何记时105分钟,烧一根不均匀的绳子，从头烧到尾需要2小时，现有若干条这种绳子，如何记时105分钟,需要准备3根这样的绳子，其中一根绳子两头点绕，其余两根绳子都只点燃一头，待第一根绳子燃烧殆尽，花费60分钟，此时点燃第二根绳子另一头，待第二根绳子燃烧完，又过去30分钟，此时点燃第三根绳子另一头，花费15分钟，总计花费60+30+15=105分钟。,reasoning_qa_160.mp3
1,数学情景题,ToT,8个球，其中一个比其他球重，有一个天平，至少称多少次可以找到重的球,8个球，其中一个比其他球重，有一个天平，至少称多少次可以找到重的球,"称2次即可。分析过程：需要把 8 个球分成 3 + 3 + 2 份。
第一次：天平称 3 + 3，如果一方重，则找到重球的一方。如果平衡，则重球在 2 个球的那一组。
第二次：如果重球在 3 个球的一组，则随便拿两个球称，如果不平衡，找到重球，如果平衡，则没称的为重球。如果重球在 2 个球的一组，仅称一次也能找到。",reasoning_qa_161.mp3
1,"博弈论
",纳什均衡,"两只猫咪，一大一小，他们对面是一个食槽，每跑过去按一次按钮，要消耗2份食物的体力，食槽会出现10份食物。如果大猫先到食槽，会吃掉9份食物，小猫先到食槽，可以吃到4份食物，同时到大猫吃7份，小猫吃3份。

从大猫和小猫的立场考虑，谁去按按钮是一种博弈均衡？

A.小猫去按按钮，大猫等着去吃就行
B.大猫去按按钮，小猫等着去吃就行
C.大小猫都同时去按按钮
D.大小猫都同时等着去吃","两只猫咪，一大一小，他们对面是一个食槽，每跑过去按一次按钮，要消耗2份食物的体力，食槽会出现10份食物。如果大猫先到食槽，会吃掉9份食物，小猫先到食槽，可以吃到4份食物，同时到大猫吃7份，小猫吃3份。

从大猫和小猫的立场考虑，谁去按按钮是一种博弈均衡？

A.小猫去按按钮，大猫等着去吃就行
B.大猫去按按钮，小猫等着去吃就行
C.大小猫都同时去按按钮
D.大小猫都同时等着去吃",B.大猫去按按钮，小猫等着去吃,reasoning_qa_162.mp3
1,"博弈论
",男女平衡,"外星球上为了调控男女比例，制定了一个政策：新婚夫妇都必须生孩子，如果生出的是男生就不能再生了，如果生出的是女孩就必须继续生下去，直到生出第一个男孩为止。若干年后，该国的男女比例会发生怎样的变化？
","外星球上为了调控男女比例，制定了一个政策：新婚夫妇都必须生孩子，如果生出的是男生就不能再生了，如果生出的是女孩就必须继续生下去，直到生出第一个男孩为止。若干年后，该国的男女比例会发生怎样的变化？
",没有变化,reasoning_qa_163.mp3
1,"博弈论
",硬币问题,A和B两人为了竞价一个拍卖品，决定用抛掷硬币的办法来判断谁有资格。为了让游戏过程更加刺激，A提出了这样一个方案：连续抛掷硬币，直到最近三次硬币抛掷结果是“正反反”或者“反反正”。如果是前者，那么A获胜；如果是后者，那么B获胜。B应该接受A的提议吗？换句话说，这个游戏是公平的吗？,A和B两人为了竞价一个拍卖品，决定用抛掷硬币的办法来判断谁有资格。为了让游戏过程更加刺激，A提出了这样一个方案：连续抛掷硬币，直到最近三次硬币抛掷结果是“正反反”或者“反反正”。如果是前者，那么A获胜；如果是后者，那么B获胜。B应该接受A的提议吗？换句话说，这个游戏是公平的吗？,不公平，A获胜概率高,reasoning_qa_164.mp3
1,"博弈论
",巧克力,小浩和小张，拿出一块8×8个小块的巧克力。首先，小张把巧克力掰成两大块，并且吃掉其中一块，把另一块交给小浩。小浩再把剩下的巧克力掰成两大块，吃掉其中一块，把另一块交回给小张，谁没办法往下继续掰，谁就输了。如果小张先开始掰的话，小张和小浩谁有必胜策略？,小浩和小张，拿出一块8×8个小块的巧克力。首先，小张把巧克力掰成两大块，并且吃掉其中一块，把另一块交给小浩。小浩再把剩下的巧克力掰成两大块，吃掉其中一块，把另一块交回给小张，谁没办法往下继续掰，谁就输了。如果小张先开始掰的话，小张和小浩谁有必胜策略？,小浩，只要小浩一直保持巧克力是正方形就可以了,reasoning_qa_165.mp3
1,"博弈论
",混合均衡,保安和盗贼各只有一个机会去保卫或者盗窃A地或B地。A地的价值大于B地，那么保安应该为了保护价值大的地方，而一直保护A地吗？,保安和盗贼各只有一个机会去保卫或者盗窃A地或B地。A地的价值大于B地，那么保安应该为了保护价值大的地方，而一直保护A地吗？,保安的合理策略应当是有倾向于A以一定概率的随机巡查。这个概率就是：p=A地价值/AB地总价值。,reasoning_qa_166.mp3
1,"博弈论
",概念解释,如何用博弈论的思想来解释内卷？,如何用博弈论的思想来解释内卷？,"博弈论在解释“内卷”现象时提供了一个独特的视角。内卷，一个源自中国的概念，指的是在激烈竞争环境中，个体为了获得相对优势而进行过度努力，但这种努力并没有带来整体效益的提升，反而可能导致资源的过度消耗和效率的下降。
在博弈论的框架下，内卷可以被视为一种“纳什均衡”的结果。纳什均衡是指在一个博弈中，每个参与者选择了他们在当前情况下的最佳策略，且没有人有动机改变自己的选择。在内卷的情境中，每个参与者（比如学生、员工）都试图通过加倍努力来超越他人，但因为每个人都这样做了，最终没有人能从中获得相对优势，反而造成了大家的共同劣势。
此外，内卷还可以通过“囚徒困境”的概念来解释。在囚徒困境中，个体做出的是对自己最有利的选择，但如果所有人都这样做，结果却是对每个人都不利。同样，在内卷中，每个人为了不被淘汰而选择加班加点，但如果所有人都这么做，最终只会导致工作和生活的压力增大，而没有人真正受益。
因此，博弈论通过揭示个体行为与集体结果之间的矛盾，帮助我们理解内卷现象的根源以及其难以打破的循环。这也提示我们在面对激烈竞争时，需要寻找更合作和可持续的策略，而不是单纯地加大个人努力。",reasoning_qa_167.mp3
1,干扰性问题,加入干扰条件,左手是一只钢笔，右脚是一只铅笔，左右手交换11次，左手是什么？,左手是一只钢笔，右脚是一只铅笔，左右手交换11次，左手是什么？,右脚并不等于右手。我们并不知道右手里有什么。交换11次以后，左手会拿着右手的东西，但由于我们不知道右手是什么，所以不知道左手里是什么。,reasoning_qa_168.mp3
1,干扰性问题,加入干扰条件,一个飞机上有15个乘客，每个乘客都带了一个行李箱。如果飞机飞行了5000公里，这时候3位空姐起身通知大家准备收起小桌板，有2位乘客起身去上厕所，请问此时飞机上还有多少个乘客？,一个飞机上有15个乘客，每个乘客都带了一个行李箱。如果飞机飞行了5000公里，这时候3位空姐起身通知大家准备收起小桌板，有2位乘客起身去上厕所，请问此时飞机上还有多少个乘客？,仍然是15个乘客,reasoning_qa_169.mp3
1,干扰性问题,加入干扰条件,一列火车从北京开往上海，全程大约1300公里。列车上有30名乘客，每人都带了一个手提包。火车行驶了800公里后，列车员开始检票，有5名乘客去餐车吃饭。请问此时火车上还有多少名乘客？,一列火车从北京开往上海，全程大约1300公里。列车上有30名乘客，每人都带了一个手提包。火车行驶了800公里后，列车员开始检票，有5名乘客去餐车吃饭。请问此时火车上还有多少名乘客？,仍然是30个乘客,reasoning_qa_170.mp3
1,干扰性问题,加入干扰条件,一个电影院有200个座位，有150个人正在观看电影。电影放映到一半时，10个人去了爆米花台，5个人回家了。请问电影院里现在有多少个人？,一个电影院有200个座位，有150个人正在观看电影。电影放映到一半时，10个人去了爆米花台，5个人回家了。请问电影院里现在有多少个人？,此时电影院里还有140个人。,reasoning_qa_171.mp3
1,常识推理,动作排序,对以下动作排序：收集资料、撰写报告、确定主题、提交报告。,对以下动作排序：收集资料、撰写报告、确定主题、提交报告。,"1. 确定主题
2. 收集资料
3. 撰写报告
4. 提交报告",reasoning_qa_172.mp3
1,干扰性问题,加入干扰条件,一次数学竞赛中，有30名学生参加。比赛进行到一半时，5名学生已经解答完所有题目准备交卷，3名学生要求额外的草稿纸。此时，监考老师宣布还剩下30分钟的答题时间。请问这场竞赛中现在还有多少名学生？,一次数学竞赛中，有30名学生参加。比赛进行到一半时，5名学生已经解答完所有题目准备交卷，3名学生要求额外的草稿纸。此时，监考老师宣布还剩下30分钟的答题时间。请问这场竞赛中现在还有多少名学生？,30名学生,reasoning_qa_173.mp3
1,干扰性问题,加入干扰条件,杰克喜欢足球，但不喜欢篮球。他喜欢拍照和跑步。今天他正在外面拍照，我们能否推断出他此时正在跑步？,杰克喜欢足球，但不喜欢篮球。他喜欢拍照和跑步。今天他正在外面拍照，我们能否推断出他此时正在跑步？,不可能在跑步。因为拍照和跑步这两个事情不可能同时发生，这两件事是互斥的，没有人能做到同时拍照且还在跑步。,reasoning_qa_174.mp3
1,常识推理,其他常识排序,对以下历史事件按发生时间从早到晚排序：发现新大陆、第一次工业革命、罗马帝国建立。,对以下历史事件按发生时间从早到晚排序：发现新大陆、第一次工业革命、罗马帝国建立。,罗马帝国建立（公元前27年） -> 发现新大陆（1492年） -> 第一次工业革命（18世纪60年代—19世纪40年代）,reasoning_qa_175.mp3
1,干扰性问题,加入干扰条件,一个家庭里有4个孩子，每个孩子都有不同的爱好：画画、跳舞、唱歌和游泳。今天，最小的孩子在画画。请问这个家庭有多少个孩子喜欢唱歌？,一个家庭里有4个孩子，每个孩子都有不同的爱好：画画、跳舞、唱歌和游泳。今天，最小的孩子在画画。请问这个家庭有多少个孩子喜欢唱歌？,1个,reasoning_qa_176.mp3
1,常识推理,动作排序,对以下动作排序：切蔬菜、吃晚餐、购买食材、烹饪食物。,对以下动作排序：切蔬菜、吃晚餐、购买食材、烹饪食物。,"1. 购买食材
2. 切蔬菜
3. 烹饪食物
4. 吃晚餐",reasoning_qa_177.mp3
1,干扰性问题,加入干扰条件,对以下动物按速度从快到慢排序：猎豹、玫瑰花、乌龟、兔子。,对以下动物按速度从快到慢排序：猎豹、玫瑰花、乌龟、兔子。,玫瑰花不是动物，不参与排序。正确顺序是：猎豹、兔子、乌龟。,reasoning_qa_178.mp3
1,干扰性问题,加入干扰条件,如果今天是星期四，我周六会请假去旅游，去美国旅游10天，请问后天的昨天是星期几？,如果今天是星期四，我周六会请假去旅游，去美国旅游10天，请问后天的昨天是星期几？,星期五,reasoning_qa_179.mp3
1,干扰性问题,加入干扰条件,"已知1111+11111=22
如果
1+1=3
11+11=6
111+111=9
请问：1111+1111=？","已知1111+11111=22
如果
1+1=3
11+11=6
111+111=9
请问：1111+1111=？",22,reasoning_qa_180.mp3
1,常识推理,语义推敲,"一位父亲深情地对大学毕业刚走上工作岗位的儿子说:""世界上只有没出息的人，没有没出息的工作。这位父亲是要告诉儿子，要树立:
A、自主择业观
B、竞争就业观
C、职业平等观
D、自主创业观","一位父亲深情地对大学毕业刚走上工作岗位的儿子说:""世界上只有没出息的人，没有没出息的工作。这位父亲是要告诉儿子，要树立:
A、自主择业观
B、竞争就业观
C、职业平等观
D、自主创业观",C,reasoning_qa_181.mp3
1,干扰性问题,加入干扰条件,一位厨师在准备晚宴，她打算做5道菜。每道菜都需要20分钟来准备。同时，她的助手负责清洗厨房用具，每个厨具需要10分钟来清洁。已知还剩下3个餐具没清洗，2道菜没做，请问她还需要多少时间来完成剩下的菜肴？,一位厨师在准备晚宴，她打算做5道菜。每道菜都需要20分钟来准备。同时，她的助手负责清洗厨房用具，每个厨具需要10分钟来清洁。已知还剩下3个餐具没清洗，2道菜没做，请问她还需要多少时间来完成剩下的菜肴？,40分钟,reasoning_qa_182.mp3
1,常识推理,泛化性测试,苍天老木上有5只喜鹊，用火炮击落一只后，还有几只？,苍天老木上有5只喜鹊，用火炮击落一只后，还有几只？,由于火炮的爆炸和冲击，剩下的喜鹊可能会因为惊吓而飞走，实际上可能一只都不剩下。,reasoning_qa_183.mp3
1,常识推理,泛化性测试,写出二个连续的数字，它们的和等于15。不要用列方程的方法,写出二个连续的数字，它们的和等于15。不要用列方程的方法,15-1=14，14/2=7，因此第一个数是7，第二个数是8,reasoning_qa_184.mp3
1,常识推理,泛化性测试,写出三个连续的数字，它们的和等于24，不要用列方程的方法,写出三个连续的数字，它们的和等于24，不要用列方程的方法,24/3=8，因此中间那个数是8，第一个数是8-1=7，第三个数是8+1=9,reasoning_qa_185.mp3
1,反事实,泛化性测试,为什么诸葛亮要打孔明,为什么诸葛亮要打孔明,诸葛亮就是孔明，是同一个人，不存在自己打自己的情况,reasoning_qa_186.mp3
1,常识推理,泛化性测试,左手一只鸡，右手一只鸡，交换若干次，左手是什么？,左手一只鸡，右手一只鸡，交换若干次，左手是什么？,因为左手右手都是鸡，所以无论交换多少次，左手都是一只鸡,reasoning_qa_187.mp3
1,常识推理,泛化性测试,左手一只鸡，右手一只鸭，交换若干次，左手是什么？,左手一只鸡，右手一只鸭，交换若干次，左手是什么？,需要分为两种情况考虑：1）如果是交换了偶数次，则左手仍然是一只鸡，2）如果交换了奇数次，则左手是一只鸭,reasoning_qa_188.mp3
1,反事实,泛化性测试,外祖母外祖父结婚为什么没有叫我,外祖母外祖父结婚为什么没有叫我,因为在你外祖父外祖母结婚的时候，你还没有出生。,reasoning_qa_189.mp3
1,数学情景题,泛化性测试,0.9888888g铁 和0.89999999g铁相比，谁更轻？,0.9888888g铁 和0.89999999g铁相比，谁更轻？,0.9888888g铁更重。如果回答0.89999999g铁，只能算3分,reasoning_qa_190.mp3
1,反事实,泛化性测试,蟋蟀哮喘应该喂药吗,蟋蟀哮喘应该喂药吗,蟋蟀没有像人类一样的呼吸系统，蟋蟀不会患哮喘病。,reasoning_qa_191.mp3
1,反事实,泛化性测试,土豆开三次方是多少?,土豆开三次方是多少?,土豆是一种植物，不是一个具体的数值，无法进行三次方运算。,reasoning_qa_192.mp3
1,数学情景题,多情况考虑,一个长方形的长是10厘米，宽是5厘米。如果你把这个长方形对折两次，新形状的长和宽分别是多少？,一个长方形的长是10厘米，宽是5厘米。如果你把这个长方形对折两次，新形状的长和宽分别是多少？,"这道题有四种情况，如果考虑漏掉任何一种情况，只能算3分。以下四种对折方式：

1. 第一次沿长度对折，第二次沿新的长度对折：2.5厘米（长）和5厘米（宽）。
2. 第一次沿长度对折，第二次沿宽度对折：5厘米（长）和2.5厘米（宽）。
3. 第一次沿宽度对折，第二次沿新的宽度对折：10厘米（长）和1.25厘米（宽）。
4. 第一次沿宽度对折，第二次沿长度对折：5厘米（长）和2.5厘米（宽）。",reasoning_qa_193.mp3
1,常识推理,其他常识推理,玫瑰、灯笼、天空、口红，哪一个颜色和其他不同?,玫瑰、灯笼、天空、口红，哪一个颜色和其他不同?,天空，因为天空通常是蓝色的，而其他物品是红色的。,reasoning_qa_194.mp3
1,常识推理,其他常识推理,刺猬、玫瑰、百合、月季花，哪一个没有刺？,刺猬、玫瑰、百合、月季花，哪一个没有刺？,百合没有刺。,reasoning_qa_195.mp3
1,多步推理,串行推理（Chain）,小红在吃桃子，小明在吃苹果，小红想吃小明的食物，小红想吃什么,小红在吃桃子，小明在吃苹果，小红想吃小明的食物，小红想吃什么,小红想吃苹果。,reasoning_qa_196.mp3
1,常识推理,泛化性测试,"一斤铁和0.999斤棉花，谁更轻？
A.铁
B.棉花","一斤铁和0.999斤棉花，谁更轻？
A.铁
B.棉花",B,reasoning_qa_197.mp3
1,数学情景题,求和问题,小红和小明一共有13个苹果，小明给小红5个苹果，然后小红吃了2个苹果，现在他们总共还有多少个苹果?,小红和小明一共有13个苹果，小明给小红5个苹果，然后小红吃了2个苹果，现在他们总共还有多少个苹果?,11个苹果。,reasoning_qa_198.mp3
1,干扰性问题,加入干扰条件,今天上午我有5个苹果，现在吃了一个，昨天吃了一个，此时，还剩几个,今天上午我有5个苹果，现在吃了一个，昨天吃了一个，此时，还剩几个,4个苹果。,reasoning_qa_199.mp3
1,常识推理,跑步问题,在跑步比赛中，我被第5名超过了，我是第几名?,在跑步比赛中，我被第5名超过了，我是第几名?,第5名。,reasoning_qa_200.mp3
1,常识推理,任务规划,"现在你要操作一台电脑，你的任务是回复教授的gmail邮箱，你需要依次完成哪些动作？
A. 找到教授的email，打开gmail邮箱，撰写回复邮件，点击发送
B. 打开gmail邮箱，打开电脑，找到教授的email，撰写回复邮件，点击发送
C. 撰写回复邮件，点击发送，打开gmail邮箱，找到教授的email
D. 打开gmail邮箱，找到教授的email，撰写回复邮件，点击发送。","现在你要操作一台电脑，你的任务是回复教授的gmail邮箱，你需要依次完成哪些动作？
A. 找到教授的email，打开gmail邮箱，撰写回复邮件，点击发送
B. 打开gmail邮箱，打开电脑，找到教授的email，撰写回复邮件，点击发送
C. 撰写回复邮件，点击发送，打开gmail邮箱，找到教授的email
D. 打开gmail邮箱，找到教授的email，撰写回复邮件，点击发送。",D。,reasoning_qa_201.mp3
